time-time,UTS
1.000000,1804.000000
25.000000,1810.000000
100.000000,1808.000000
400.000000,1780.000000
2500.000000,1584.000000
