{"Ni": {"stddev": 1.9862780425332218, "mean": 10.1}, "C": {"stddev": 0.03261385269268251, "mean": 0.25086153846153997}, "Co": {"stddev": 3.362675016143159, "mean": 11.867692307692307}, "tem": {"stddev": 14.389156509549034, "mean": 475.03846153846155}, "AF": {"stddev": 113.55232384435662, "mean": 680.1538461538462}, "Mo": {"stddev": 0.11371251442138068, "mean": 1.2332307692307682}, "aus": {"stddev": 103.44386937683183, "mean": 1023.4615384615385}, "Fe": {"stddev": 3.6979142000376677, "mean": 73.28975384615389}, "time": {"stddev": 21.894682115418327, "mean": 14.412307692307692}, "Cr": {"stddev": 0.37383932027403893, "mean": 3.212307692307692}}
